{"cameraMode":{"drawMode":0,"name":"Shaded","section":"Shading Mode"},"sceneLighting":false,"audioPlay":false,"sceneViewState":{"showFog":true,"showMaterialUpdate":false,"showSkybox":false,"showFlares":true,"showImageEffects":true,"showParticleSystems":true},"in2DMode":false,"pivot":{"x":0.6330356597900391,"y":0.07502126693725586,"z":0.8632521629333496},"rotation":{"x":-0.1473286896944046,"y":0.673241376876831,"z":-0.13949604332447053,"w":-0.7110423445701599},"size":2.8578836917877199,"orthographic":false}